Datetime,Water Level (m)
2025-03-14 06:00:00,0.00026780923
2025-03-14 07:00:00,0.00028522397
2025-03-14 08:00:00,0.00029237638
2025-03-14 09:00:00,0.0002973047
2025-03-14 10:00:00,0.00033136742
2025-03-14 11:00:00,0.0003442082
2025-03-14 12:00:00,0.00016372355
2025-03-14 13:00:00,0.00012953779
2025-03-14 14:00:00,0.00013747235
2025-03-14 15:00:00,5.8331538e-05
2025-03-14 16:00:00,8.714999e-05
2025-03-14 17:00:00,0.00011322168
2025-03-14 18:00:00,8.436294e-05
2025-03-14 19:00:00,0.00011668395
2025-03-14 20:00:00,8.423584e-05
2025-03-14 21:00:00,4.7236204e-05
2025-03-14 22:00:00,4.150002e-05
2025-03-14 23:00:00,4.8049733e-05
2025-03-15 00:00:00,4.6291792e-05
2025-03-15 01:00:00,2.4961106e-05
2025-03-15 02:00:00,0.00013374399
2025-03-15 03:00:00,0.00010700531
2025-03-15 04:00:00,0.00012382062
2025-03-15 05:00:00,0.00013900199
2025-03-15 06:00:00,0.000155719
2025-03-15 07:00:00,0.00020667785
2025-03-15 08:00:00,0.00023083993
2025-03-15 09:00:00,0.00022395464
2025-03-15 10:00:00,0.0002703275
2025-03-15 11:00:00,0.0003498123
2025-03-15 12:00:00,0.00025419643
2025-03-15 13:00:00,0.00013786906
2025-03-15 14:00:00,8.6962835e-05
2025-03-15 15:00:00,2.940173e-05
2025-03-15 16:00:00,9.2943366e-05
2025-03-15 17:00:00,0.0001337251
2025-03-15 18:00:00,0.00019553829
2025-03-15 19:00:00,0.00022479946
2025-03-15 20:00:00,0.0001924906
2025-03-15 21:00:00,0.00019803383
2025-03-15 22:00:00,0.00016504322
2025-03-15 23:00:00,0.000106314415
2025-03-16 00:00:00,9.3037816e-05
2025-03-16 01:00:00,0.00010780746
2025-03-16 02:00:00,0.0003542454
2025-03-16 03:00:00,0.00041360213
2025-03-16 04:00:00,0.00047057273
2025-03-16 05:00:00,0.00054770644
2025-03-16 06:00:00,0.00058599294
2025-03-16 07:00:00,0.00055627275
2025-03-16 08:00:00,0.00055512425
2025-03-16 09:00:00,0.00049823645
2025-03-16 10:00:00,0.0004539758
2025-03-16 11:00:00,0.00042896203
2025-03-16 12:00:00,0.00027502252
2025-03-16 13:00:00,0.00025764335
2025-03-16 14:00:00,0.00023086353
2025-03-16 15:00:00,0.00020897106
2025-03-16 16:00:00,0.0002200303
2025-03-16 17:00:00,0.00025606676
2025-03-16 18:00:00,0.00028816308
2025-03-16 19:00:00,0.0003097976
2025-03-16 20:00:00,0.00031269144
2025-03-16 21:00:00,0.0002831535
2025-03-16 22:00:00,0.0003085233
2025-03-16 23:00:00,0.00026837867
2025-03-17 00:00:00,0.00020567935
2025-03-17 01:00:00,0.00025818447
2025-03-17 02:00:00,0.0005978703
2025-03-17 03:00:00,0.0007580604
2025-03-17 04:00:00,0.00085918955
2025-03-17 05:00:00,0.00084615423
2025-03-17 06:00:00,0.00066048745
2025-03-17 07:00:00,0.00052504055
2025-03-17 08:00:00,0.00039077885
2025-03-17 09:00:00,0.00035549694
2025-03-17 10:00:00,0.0004501015
2025-03-17 11:00:00,0.00054602104
2025-03-17 12:00:00,0.00033552045
2025-03-17 13:00:00,0.000264354
2025-03-17 14:00:00,0.00022585412
2025-03-17 15:00:00,0.000116974654
2025-03-17 16:00:00,0.0002565618
2025-03-17 17:00:00,0.00020002178
2025-03-17 18:00:00,0.00016296841
2025-03-17 19:00:00,0.00015108912
2025-03-17 20:00:00,0.00024913473
2025-03-17 21:00:00,0.00024807986
2025-03-17 22:00:00,0.00024243376
2025-03-17 23:00:00,0.00021998177
2025-03-18 00:00:00,0.0001484457
2025-03-18 01:00:00,0.00016955638
2025-03-18 02:00:00,0.0004787245
2025-03-18 03:00:00,0.00044733332
2025-03-18 04:00:00,0.00036961032
2025-03-18 05:00:00,0.0002685594
2025-03-18 06:00:00,0.00022107233
2025-03-18 07:00:00,0.00022275797
2025-03-18 08:00:00,0.0002473323
2025-03-18 09:00:00,0.00031976053
2025-03-18 10:00:00,0.0004354481
2025-03-18 11:00:00,0.00040761358
2025-03-18 12:00:00,0.00026984856
2025-03-18 13:00:00,0.00016517166
2025-03-18 14:00:00,0.00019788968
2025-03-18 15:00:00,0.00013871961
2025-03-18 16:00:00,0.00015807411
2025-03-18 17:00:00,0.00025484106
2025-03-18 18:00:00,7.2008355e-05
2025-03-18 19:00:00,3.8149003e-05
2025-03-18 20:00:00,4.880765e-07
2025-03-18 21:00:00,3.787156e-05
2025-03-18 22:00:00,1.8057037e-05
2025-03-18 23:00:00,7.21724e-05
2025-03-19 00:00:00,2.6973357e-05
2025-03-19 01:00:00,3.2737982e-05
2025-03-19 02:00:00,8.96254e-05
2025-03-19 03:00:00,8.1852e-05
2025-03-19 04:00:00,6.0389102e-05
2025-03-19 05:00:00,0.00010237117
2025-03-19 06:00:00,0.00013556414
2025-03-19 07:00:00,0.0002261603
2025-03-19 08:00:00,0.00030254357
2025-03-19 09:00:00,0.00042847783
2025-03-19 10:00:00,0.0004720076
2025-03-19 11:00:00,0.00044247168
2025-03-19 12:00:00,0.00032222722
2025-03-19 13:00:00,0.00028376243
2025-03-19 14:00:00,0.00017490626
2025-03-19 15:00:00,0.00020674182
2025-03-19 16:00:00,0.00019181985
2025-03-19 17:00:00,0.0002697589
2025-03-19 18:00:00,0.00023725364
2025-03-19 19:00:00,0.00019786911
2025-03-19 20:00:00,0.0001371447
2025-03-19 21:00:00,7.909907e-05
2025-03-19 22:00:00,4.951047e-05
2025-03-19 23:00:00,5.239795e-05
2025-03-20 00:00:00,5.473967e-05
2025-03-20 01:00:00,3.404995e-05
2025-03-20 02:00:00,0.00017051618
2025-03-20 03:00:00,0.00023203144
2025-03-20 04:00:00,0.00030321075
2025-03-20 05:00:00,0.00038605335
2025-03-20 06:00:00,0.0003900945
